{
  "global_test": {
    "loss": 0.154239873924563,
    "accuracy": 0.944525325670013,
    "f1_macro": 0.9409026719169669,
    "total_samples": 157982
  },
  "clients": [
    "client_01",
    "client_02",
    "client_03"
  ]
}