{
  "global_test": {
    "loss": 0.13502436551324865,
    "accuracy": 0.9515871011198114,
    "f1_macro": 0.9510022289774877
  },
  "per_client_test": {
    "client_01": {
      "loss": 0.13949215435422957,
      "accuracy": 0.9501171537797509,
      "f1_macro": 0.9497472115928383
    },
    "client_02": {
      "loss": 0.13668669667094946,
      "accuracy": 0.9510177705977383,
      "f1_macro": 0.9498680713993128
    },
    "client_03": {
      "loss": 0.12636224133893847,
      "accuracy": 0.9536515965855201,
      "f1_macro": 0.9532739089885058
    }
  },
  "clients": [
    "client_01",
    "client_02",
    "client_03"
  ]
}