{
  "global_test": {
    "loss": 0.10232025786723581,
    "accuracy": 0.9618590553169992,
    "f1_macro": 0.9627852325899301
  },
  "per_client_test": {
    "client_01": {
      "loss": 0.10832221851882151,
      "accuracy": 0.9597977555802195,
      "f1_macro": 0.9610659215838002
    },
    "client_02": {
      "loss": 0.10283577111203315,
      "accuracy": 0.9619386106623586,
      "f1_macro": 0.9622565890321286
    },
    "client_03": {
      "loss": 0.09538357333780544,
      "accuracy": 0.9638950363578881,
      "f1_macro": 0.9649565729176245
    }
  },
  "clients": [
    "client_01",
    "client_02",
    "client_03"
  ]
}