{
  "train": {
    "loss": [
      0.2781532696741542,
      0.1349677210001731,
      0.11041466591896053,
      0.09112628647713436,
      0.0789997029659575
    ],
    "accuracy": [
      0.9116698717104397,
      0.9511630357472143,
      0.9591133004926108,
      0.9654856299886726,
      0.9701957271936988
    ],
    "f1_macro": [
      0.9082130217246566,
      0.9513240425817053,
      0.9596327098737217,
      0.9659757311262754,
      0.9708469786625575
    ]
  },
  "val": {
    "loss": [
      0.14728937054309,
      0.1188391757403523,
      0.11218003470028909,
      0.10484660566204561,
      0.10239046718329041
    ],
    "accuracy": [
      0.947772365951884,
      0.9556792544331288,
      0.9578931832078774,
      0.9601703670904759,
      0.9619625951462247
    ],
    "f1_macro": [
      0.9485858572341983,
      0.9563667555925968,
      0.9578320459247635,
      0.960392118703831,
      0.9619552808852326
    ]
  }
}