{
  "train": {
    "loss": [
      0.927126735529167,
      0.23965040202732035,
      0.19145560742549175,
      0.17131992471667956,
      0.1577332650996604,
      0.1489353253232501,
      0.14278688052834848,
      0.13936084890461997,
      0.1371298756279714,
      0.13680209331917312
    ],
    "accuracy": [
      0.7462869787413398,
      0.9219830879060088,
      0.9346724269645162,
      0.9407286425542004,
      0.9447907062511525,
      0.9477463712757831,
      0.9492716208740549,
      0.9503964595242486,
      0.951228892811043,
      0.9512025499855115
    ],
    "f1_macro": [
      0.651889351112879,
      0.9178490920429577,
      0.9322025164474819,
      0.9392923360666535,
      0.9436361004346615,
      0.9468866400429026,
      0.9484780471200197,
      0.9497382812158283,
      0.9505393539063605,
      0.9505977415610259
    ]
  },
  "val": {
    "loss": [
      0.24702721897591937,
      0.18144017140916052,
      0.15981953876449706,
      0.14850365481478103,
      0.1424837295520813,
      0.13878818664779055,
      0.13615642115473747,
      0.13481870507623286,
      0.1338670366304986,
      0.1336399864484655
    ],
    "accuracy": [
      0.9203829042528517,
      0.9370400826533409,
      0.9428595525755371,
      0.946190988255635,
      0.9485735973179834,
      0.9495645940076328,
      0.9506821009129821,
      0.950745356020832,
      0.9514833322790816,
      0.9515465873869315
    ],
    "f1_macro": [
      0.9151618300874784,
      0.9345565197903777,
      0.9409431376217665,
      0.9448087008443395,
      0.9475717789101789,
      0.9489790194721266,
      0.9501863929448813,
      0.9501951148111805,
      0.9509334283671946,
      0.9508704887788472
    ]
  }
}