{
  "train": {
    "loss": [
      1.7648001981358374,
      0.502033264646607,
      0.32283743675197324,
      0.27234835141608793,
      0.24756952627531945,
      0.23416926681755051,
      0.2260936843531747,
      0.22126584337844002,
      0.21993634351078542,
      0.21787324181247142
    ],
    "accuracy": [
      0.5723205118079141,
      0.8625779954190033,
      0.8990838006476581,
      0.9112115946607693,
      0.9171431956401548,
      0.9209225179685648,
      0.923461811863202,
      0.9244806887291683,
      0.9248084669457389,
      0.9255982939736198
    ],
    "f1_macro": [
      0.4283144046205111,
      0.8111766692083053,
      0.8796476684031997,
      0.9020782067871097,
      0.910284308662472,
      0.9144192700939343,
      0.9181569661710757,
      0.9197258430944548,
      0.920212689588336,
      0.9207909790546528
    ]
  },
  "val": {
    "loss": [
      0.5183178366672608,
      0.2491569138101993,
      0.20244777899595998,
      0.18526201112376106,
      0.1782601727473159,
      0.1718947957119634,
      0.16910077619456476,
      0.16766892403604522,
      0.16679363403349154,
      0.16658072732388973
    ],
    "accuracy": [
      0.8450026048655731,
      0.9137868430607959,
      0.9283583032063527,
      0.9343573875566361,
      0.9363623446947571,
      0.9386041077940735,
      0.9393934609980582,
      0.9400091564971662,
      0.9402143883302022,
      0.9402459624583617
    ],
    "f1_macro": [
      0.7624270089294113,
      0.8802900841308213,
      0.9189562589775554,
      0.9292186908414847,
      0.9321544692232937,
      0.9344637393732039,
      0.9354237031040832,
      0.9362454852675969,
      0.9366311203963168,
      0.936654509103366
    ]
  }
}