split,loss,accuracy,f1_macro,total_samples
global_test,0.154239873924563,0.944525325670013,0.9409026719169669,157982
