{
  "train": {
    "loss": [
      0.9069998210453125,
      0.22370616642825575,
      0.18181855653423862,
      0.1620941329074193,
      0.14989906854658241,
      0.13568821737924255,
      0.12784976844327994,
      0.12404504499162536,
      0.11874706666153598,
      0.11727072451129017
    ],
    "accuracy": [
      0.7600563987724973,
      0.9262432019336722,
      0.9377362291022405,
      0.9442884394364862,
      0.9479970141826325,
      0.9524046493441866,
      0.95555634545433,
      0.9564923755020794,
      0.9582933447078756,
      0.9583170416711099
    ],
    "f1_macro": [
      0.47458380154913976,
      0.6455980222983463,
      0.6580368574392038,
      0.6638021797928543,
      0.6677633439246543,
      0.6709298948562902,
      0.6733662006661681,
      0.67446984326985,
      0.6758276295233623,
      0.6754377805147502
    ]
  },
  "val": {
    "loss": [
      0.20046874348606383,
      0.16073937430268243,
      0.15611270761915616,
      0.1504714066783587,
      0.141743313343752,
      0.14346437475511006,
      0.14386694842860812,
      0.1423034362849735,
      0.14213022341330847,
      0.14180639811924525
    ],
    "accuracy": [
      0.9343974990526714,
      0.9466654035619553,
      0.947565365668814,
      0.9494600227358848,
      0.9522546419098143,
      0.952728306176582,
      0.9532967032967034,
      0.9539598332701781,
      0.9541019325502084,
      0.9547650625236832
    ],
    "f1_macro": [
      0.647096028926275,
      0.665389307884659,
      0.6670572038995344,
      0.6684222187071306,
      0.6712946693699458,
      0.6711414004300815,
      0.6718642471657099,
      0.6725998977176522,
      0.6726154669275924,
      0.673018970161937
    ]
  }
}