{
  "train": {
    "loss": [
      0.9364274201622929,
      0.2407667175473937,
      0.1959744413574058,
      0.17350355383143368,
      0.15983018539397112,
      0.14885298396090427,
      0.13876246795596847,
      0.13472501673253187,
      0.12930086847529354,
      0.1259166657565588
    ],
    "accuracy": [
      0.7425825868524575,
      0.9200791506706479,
      0.9326626854353287,
      0.9390018484288355,
      0.9441561211431821,
      0.9478648277169535,
      0.9504004929143561,
      0.9521778283330964,
      0.9542750841272098,
      0.9550097161002891
    ],
    "f1_macro": [
      0.4629775244454304,
      0.7125708172070249,
      0.7509692704466375,
      0.7676249948457073,
      0.7805039983392081,
      0.7888366892538164,
      0.7917211574065594,
      0.7952375593924196,
      0.8006004797020203,
      0.7954956396921204
    ]
  },
  "val": {
    "loss": [
      0.21992566933234534,
      0.18793558045512154,
      0.17358858670507157,
      0.17056000161738621,
      0.16782016023283913,
      0.16581484427054724,
      0.16489013461839586,
      0.1670019722410611,
      0.16499687340997515,
      0.16524611165126166
    ],
    "accuracy": [
      0.9273028652616623,
      0.9371536822164338,
      0.9405162206961876,
      0.9427894861472886,
      0.9432157234193701,
      0.9452048306890836,
      0.9465782618991239,
      0.9458205067487568,
      0.9465782618991239,
      0.9463414634146341
    ],
    "f1_macro": [
      0.6726165666470915,
      0.7339718903993527,
      0.7482849195404472,
      0.7547761274655022,
      0.7564311291298701,
      0.7591611666895356,
      0.7615732683795756,
      0.7599254214659309,
      0.7619453938439973,
      0.7612160259012208
    ]
  }
}