{
  "global_test": {
    "loss": 0.20382145741610852,
    "accuracy": 0.9276879644516464,
    "f1_macro": 0.8685848048273708,
    "total_samples": 157982
  },
  "clients": [
    "client_01",
    "client_02",
    "client_03"
  ]
}