{
  "global_test": {
    "loss": 0.1494902324998052,
    "accuracy": 0.9465563694535657,
    "f1_macro": 0.9456837215709939,
    "total_samples": 47508
  },
  "per_client_test": {
    "client_01": {
      "loss": 0.1546783964149654,
      "accuracy": 0.9460476014305093,
      "f1_macro": 0.9458460949266214,
      "num_samples": 16218
    },
    "client_02": {
      "loss": 0.15337445493787527,
      "accuracy": 0.9452019386106624,
      "f1_macro": 0.9436213872979429,
      "num_samples": 15475
    },
    "client_03": {
      "loss": 0.14036914589814842,
      "accuracy": 0.9484034144799242,
      "f1_macro": 0.9475352076155018,
      "num_samples": 15815
    }
  },
  "clients": [
    "client_01",
    "client_02",
    "client_03"
  ]
}