round,val_loss
1,0.3390075859166406
2,0.20444287758847704
3,0.17311786009518698
4,0.1569712037600926
5,0.1476949955469584
