{
  "train": {
    "loss": [
      0.9704319346381958,
      0.2300952951233071,
      0.18370227138680148,
      0.16040309249277573,
      0.14414538972708116,
      0.13369532028235584,
      0.12774297765579568,
      0.11960481412439461,
      0.11590060825089374,
      0.1130635225808764
    ],
    "accuracy": [
      0.7403020432336394,
      0.924252294936334,
      0.9365946106011253,
      0.94316849274504,
      0.9490909090909091,
      0.952490376073438,
      0.9543500148060409,
      0.9569321883328398,
      0.9581166716020136,
      0.9588155167308262
    ],
    "f1_macro": [
      0.5727816641084073,
      0.8853356716677304,
      0.9094748267361195,
      0.9213758009017812,
      0.9294761059370135,
      0.9346043597673248,
      0.9379034888514615,
      0.9412640532056572,
      0.9428692793340968,
      0.9450419469087135
    ]
  },
  "val": {
    "loss": [
      0.19676238387113526,
      0.15175959272753625,
      0.14016781392551603,
      0.13470085479673885,
      0.13154195284559614,
      0.13286737725138664,
      0.13333578035235405,
      0.13310026679010617,
      0.13155864729058175,
      0.13158982247114182
    ],
    "accuracy": [
      0.9301477552566774,
      0.9453494980109869,
      0.9498484561469975,
      0.9523110437582876,
      0.9536844099261224,
      0.9528793332070468,
      0.9540632695586285,
      0.9538264822883121,
      0.9551524910020838,
      0.9552945633642735
    ],
    "f1_macro": [
      0.8360381077378453,
      0.8801121892829541,
      0.8895511287944174,
      0.8953123193331618,
      0.898154700793434,
      0.8964026373154738,
      0.8979366369312499,
      0.8978257484680061,
      0.8996134129285395,
      0.8999260687229934
    ]
  }
}